sequence,label
RWRWRWRW,1
WRWKKKKA,1
YGRKKRRQRRR,1
GLWRALWRLLRSLWRLLWRA,1
KAFAKLAARLYRKALARQLGVAA,1
GSRVQIRCRFRNSTR,1
GRKKRRQRRRPQ,1
CRNGRGPDC,1
CNGRC,1
CRGDC,1
CRGDKGDPC,1
NYRWRCKNQN,1
NYQRRCKNQN,1
NYQWRCKNQN,1
NYRRRCKNQN,1
YRWRCKNQN,1
NYRWRCKNQ,1
YRWRCKNQ,1
NYRWRCKN,1
RWRCKNQN,1
NYRWRCK,1
GRKKRRQRRRP,1
KLAKLAKKLAKLAK,1
KLAKLAKKLAKLAKGRKKRRQRRRP,1
KLAKLAKKLAKLAKNYRWRCKNQN,1
LLIILRRRIRKQAHAHSK,1
NHQQQNPHQPPM,1
RKKRRQRRRGC,1
RPARPAR,1
RKKWFW,1
AAAWFW,1
RKKAAA,1
GRKKRRQRRRG,1
KKKKKKKKK,1
YKALRISRKLAK,1
KETWWETWWTEWSQPKKKRKVC,1
EEEEEEEEEE,1
KFFKFFKFFK,1
CRGDKGPDC,1
ARRRAARAARRRAARAARRRAARA,1
AKKKAAKAAKKKAAKAAKKKAAKA,1
YTFGLKTSFNVQ,1
YTFGLKTSFNVQYTFGLKTSFNVQ,1
YGRKKRRQRRRYGRKKRRQRRR,1
RQIKIWFQNRRMKWKK,1
CRGDK,1
AGYLLGHINLHHLAHLHHILC,1
AGYLLGHINLHHLAHLHHIL,1
AGYLLGKINLKKLAKLLLIL,1
CHHRRRRHHC,1
KWFKIQMQIRRWKNKR,1
RLLRLLRLL,1
AGYLLGKINLKALAALAKKILGGC,1
GKKALKLAAKLLKKC,1
GLFKALLKLLKSLWKLLLKAGGC,1
KWFETWFTEWPKKRKGGC,1
MVTVLFRRLRIRRACGPPRVRV,1
CGGMVTVLFRRLRIRRASGPPRVRV,1
MVTVLFKRLRIRRACGPPRVKV,1
WEARLARALARALARHLARALARA,1
PKKKRKVWKLLQQFFGLM,1
CSKSSDYQC,1
IRQRRRR,1
CGYGRKKRRQRRRGC,1
KLALKLALKALKAALKLA,1
GRKKRRQRRRPPQ,1
CSSLDEPGRGGFSSESKV,1
AGYLLGKINLKALAALAKKIL,1
KCFQWQRNMRKVRGPPVSCIKR,1
GRGDSPRR,1
GRGDSPRRSPRR,1
GRGDSPRRKKKKSPRRKKKKSPRR,1
GRGDGPRRKKKKGPRRKKKKGPRR,1
LLKLLKKLLKLLKKLLKLL,1
WLKLLKKWLKLWKKLLKLW,1
FLKLLKKFLKLFKKLLKLF,1
WLKLWKKWLKLW,1
KALKLKLALALLAKLKLA,1
RWRRWWRRW,1
RRWRRWWRRWWRRWRR,1
IPLVVPLC,1
KFLNRFWHWLQLKPGQPMY,1
LGTYTQDFNKFHTFPQTAIGVGAP,1
KETWWETWWTEWSQPKKKRKV,1
GALFLGWLGAAGSTMGAPKKKRKV,1
GLFRALLRLLRSLWRLLLRA,1
YARVRRRGPRR,1
CRQIKIWFQNRRMKWKK,1
CRRLRHLRHHYRRRWHRFRC,1
CLLYWFRRRHRHHRRRHRRC,1
RRLRHLRHHYRRRWHRFR,1
LLYWFRRRHRHHRRRHRR,1
RKKNPNCRRH,1
GRKKRRQRRRPPQY,1
RKKRRQRRR,1
RRIRPRPPRLPRPRPRPLPFPRPG,1
ISFDELLDYYGESGS,1
ISF,1
PKKKRKV,1
LCLRPVG,1
LCLRP,1
LCLR,1
LLR,1
LLLR,1
LLLLR,1
LLLRR,1
IIIR,1
VVVR,1
LCLK,1
LCLH,1
LCLE,1
LCLN,1
LCLQ,1
RGD,1
YGRKKRRQRRRQRRRPTAPLSPMSP,1
YARAAARQARAKALARQLGVAA,1
RIMRILRILKLAR,1
RRLLRRLRR,1
RRWWRRWRR,1
RKKRRQRRRGGG,1
GLWRALWRLLRSLWRLLWKA,1
KLPVM,1
YGRKKRRQRRRC,1
RQIKIWFQNRRMKWKKC,1
CELAGIGILTVRKKRRQRRR,1
CELAGIGILTVKKKKKQKKK,1
KKLFKKILKKL,1
CREKA,1
GRKKRRQRRRPPQK,1
RQIKIWFQNRRMKWKKK,1
YGRGGRRGRRR,1
ACSGSGSGCGSGSGSCG,1
ACSGRGSGCGSGRGSCG,1
ACRGSGRGCGRGSGRCG,1
ACSGRGRGCGRGRGSCG,1
ACRGRGRGCGRGRGRCG,1
ACGRGRGRCRGRGRGCG,1
ACRGRGRGCRGRGRGCG,1
ACGRGRGRCGRGRGRCG,1
ACRGRRRGCGRRRGRCG,1
ACRRSRRGCGRRSRRCG,1
ACSDRFRNCPADEALCG,1
ACRDRFRNCPADEALCG,1
ACRDRFRNCPADERLCG,1
ACRDRFRRCPADERLCG,1
ACRDRFRRCPADRRLCG,1
ACSGRGRGCGSGSGSCG,1
ACRGRGRGCGSGSGSCG,1
ACRGRGRGCGSGSRSCG,1
ACRGRGRRCGSGSRSCG,1
ACRGRGRRCGSGRRSCG,1
ARCSGSGSGCGSGSGSCGR,1
ARRCSGSGSGCGSGSGSCGRR,1
ARRRCSGSGSGCGSGSGSCGRRR,1
ARRRRCSGSGSGCGSGSGSCGRRRR,1
ARCSDRFRNCPADEALCGR,1
ARRCSDRFRNCPADEALCGRR,1
ARRRCSDRFRNCPADEALCGRRR,1
ARRRRCSDRFRNCPADEALCGRRRR,1
ACHGRRWGCGRHRGRCG,1
WELVVLGKL,1
ELVVLGKL,1
LVVLGKL,1
VVLGKL,1
WELVVLGK,1
WELVVLG,1
WELVVL,1
WELVV,1
WELV,1
WEL,1
WE,1
WELVVA,1
WEAVVL,1
WEAVVA,1
GLKKLARLFHKLLKLGC,1
GLKKLAELFHKLLKLGC,1
GLKKLARLAHKLLKLGC,1
GLKKLAELAHKLLKLGC,1
YGRKKRRQRRRGC,1
GRKKRRQRRRCG,1
LKKLLKLLKKLLKLAG,1
LKKLCKLLKKLCKLAG,1
VTPHHVLVDEYTGEWVDSQFK,1
RRRRWWWW,1
AGYLLGKTNLKALAALAKKIL,1
KRKRWHW,1
HEHEHEHEHE,1
RGRGRGRGRG,1
GRCTKSIPPICFPD,1
GACTKSIPPICFPD,1
GRCTKSIPPICFPA,1
GRCTKSIPPICWPD,1
GRCTKSIPPICWPK,1
GRCTRSIPPKCWPD,1
YGRKKRRQRRRPPQG,1
GRKKRRQRRR,1
CGRKKRRQRRRPPQ,1
KGRKKRRQRRRPPQ,1
CARSKNKDC,1
KSTGKANKITITNDKGRLSK,1
CAYGRKKRRQRRR,1
CYGRKKRRQRRR,1
RKKRRQRRRRKKRRQRRR,1
AKKRRQRRRAKKRRQRRR,1
CHAIYPRH,1
KWCFRVCYRGICYRRCRGK,1
KWSFRVSYRGISYRRSRGK,1
KWFRVYRGIYRRRGK,1
KWCFAVCYAGICYAACAGK,1
RRGRRG,1
CTSTTAKRKKRKLK,1
KKWKMRRNQFWIKIQR,1
HILPWKWPWWPWRR,1
RQIKIWFQNRRMKWKKGG,1
RGGRLSYSRRRFSTSTGRA,1
KKKKKKKK,1
RGGRLSYSRRRFSTSTGR,1
CKYGRKKRRQRRR,1
AYGRKKRRQRRR,1
RQIKIQFQNRRKWKK,1
APWHLSSQYSRT,1
GNYAHRVGAGAPVWL,1
TVDNPASTTNKDKLFAVRK,1
GRKKRRQRRRPPQRKC,1
KIAKLKAKIQKLKQKIAKLK,1
CCTGRKKRRQRRR,1
GGAYVTRSSAVRLRSSVPGVRLLQ,1
GLRKRLRKFRNKIKEK,1
RKKRRQRRRHRRKKR,1
LLIILRRRIRRRARARSR,1
LLHILRRSIRKQAHAIRK,1
LLRILRRSIRRARRAIRR,1
LLHILRRSIRRQAHAIRR,1
LLRHLRRHIRRARRHIRR,1
CGRKKRWWRQRRRPPQ,1
CGRKKRRQRRWWRPPQ,1
CGRKKRRQRWWRRPPQ,1
CGRKKRWWRQRWWRWWRPPQ,1
CGRKKRAARQRRRPPQ,1
CGRKKRRQRRAARPPQ,1
CGRKKRRQRAARRPPQ,1
CGRKKRAARQRAARAARPPQ,1
CGRKKRLLRQRRRPPQ,1
CGRKKRRQRRLLRPPQ,1
CGRKKRRQRLLRRPPQ,1
CGRKKRLLRQRLLRLLRPPQ,1
CGRKKRRQRR,1
CGRKKR,1
CGRKKRRQR,1
INLKALAALAKKIL,1
LIKKALAALAKLNI,1
CRKARYRGRKRQR,1
CAYGGQQGGQGGG,1
RQIRIWFQNRRMRWRR,1
RQIRIWFQNRRMRWRRC,1
LIRLWSHLIHIWFQNRRLKWKKK,1
LIRLWSHLIHIWFQNRRLKWKKKC,1
GRKKRRQRRRPPQC,1
RQIKIWFQNRRMKWKKGC,1
RRGC,1
GKRKKKGKGLGKKRDPCLRKYK,1
RRR,1
GCGGGYGRKKRRQRRR,1
YGRKKRRQRRRGTALDWSWLQTE,1
CGNVVRQGC,1
CGGGYGRKKRRQRRR,1
GLWWKAWWKAWWKSLWWRKRKRKA,1
RRRRWWWWRRRR,1
RWRRWRRWRRWR,1
YGRKKRPQRRR,1
DSLKSYWYLQKFSWR,1
KLWMRWWSPTTRRYG,1
RLWMRWYSPWTRRWG,1
RLIMRIYAPTTRRYG,1
RLYMRYYSPTTRRYG,1
RLWMRWYSPRTRAYG,1
KRPTMRFRYTWNPMK,1
WKCRRQCFRVLHHWN,1
WKCRRQAFRVLHHWN,1
WKARRQCFRVLHHWN,1
RLLRLLLRLWRRLLRLLR,1
CALNN,1
YGRKKRRQRRTALDWSWLQTE,1
YGRKKRRQRRTALDASALQTE,1
RLLRLLRRLLRLLRRLLRC,1
RGDRGDRRDLRLDRGDLRC,1
RGDRLDRRDLRLDRRDLRC,1
RGERGERRELRLERGELRC,1
RGERLERRELRLERRELRC,1
GLKKLAELFHKLLKLG,1
LKKLAELAHKLLKLG,1
GLKKLAELAHKLLKLG,1
CGNKRTR,1
AYLLGKINLKALAALAKKIL,1
YKQCHKKGGKKGSG,1
YKQSHKKGGKKGSG,1
YRQSHRRGGRRGSG,1
WKQSHKKGGKKGSG,1
EARPALLTSRLRFIPK,1
GRKKRRQRRRMVSAL,1
TPWWRLWTKWHHKRRDLPRKPEGC,1
MIIYRDLISH,1
YSSYSAPVSSSLSVRRSYSSSSGS,1
CSIPPEVKFNKPFVYLI,1
RKLTTIFPLNWKYRKALSLG,1
KGKKIFIMK,1
DITYRFRGPDWL,1
KKLALHALHLLALLWLHLAHLALKK,1
KHKALHALHLLALLWLHLAHLAKHK,1
KHKLLHLLHLLALLWLHLLHLLKHK,1
NTCTWLKYHS,1
CASGQQGLLKLC,1
YNNFAYSVFL,1
ECYPKKGQDP,1
RHVYHVLLSQ,1
HATKSQNINF,1
YRDRFAFQPH,1
IWRYSLASQQ,1
YQKQAKIMCS,1
VQLRRRWC,1
NTGTWLKYHS,1
TCTWLKYHS,1
NTCTWLKYH,1
TCTWLKYH,1
CTWLKYH,1
TWLKYH,1
CTWLKY,1
VKRFKKFFRKLKKSV,1
VKRFKKFFRKLKKLV,1
VKRFKKFFRKLKKKV,1
KKKKKKNKKLQQRGD,1
RGDGPRRRPRKRRGR,1
RRRQKRIVVRRRLIR,1
RRVWRRYRRQRWCRR,1
RRARRPRRLRPAPGR,1
LLRARWRRRRSRRFR,1
RGPRRQPRRHRRPRR,1
RRWRRWNRFNRRRCR,1
MAARLCCQLDPARDVLCLRP,1
MAARLCCQLDPARDV,1
MAARLCCQ,1
MAARL,1
RRLSYSRRRF,1
RHHRRHHRRHRRHHRRHHRHHR,1
RHHLRHLRRHLRHLLRHLRHHL,1
LHHLLHHLLHLLHHLLHHLHHL,1
RRHLRRHLRHLRRHLRRHLRHL,1
RLHLRLHLRHLRHHLRLH,1
RLHHRLHRRLHRLHR,1
LRHLLRHLLRHLRHL,1
RLHRRLHRRLHRLHR,1
RHHLRHLRRHL,1
AEAEAEAEAKAKAKAK,1
RFTFHFRFEFTFHFE,1
RHNFRFFFNFRTNR,1
NRHFRFFFNFTNR,1
FTFHFTFHF,1
FHFHFRFR,1
RLALRLALRALRAALRLA,1
KLLKLLLKLWKKLLKLLK,1
ACSSSPSKHCG,1
CGGGGYGRKKRRQRRR,1
LGISYGRKKRRQRRRPPQ,1
FITKALGISYGRKKRRQRRRPPQ,1
FITKALGISYGRKKRR,1
RKKRRQRR,1
RKKRRQR,1
KKRRQRRR,1
KRRQRRR,1
RRRQRRKKR,1
AKKRRQRRR,1
RAKRRQRRR,1
RKARRQRRR,1
RKKARQRRR,1
RKKRAQRRR,1
RKKRRARRR,1
RKKRRQARR,1
RKKRRQRAR,1
RKKRRQRRA,1
GRKKRRQRRPPQC,1
GRKKRRQRPPQC,1
GRKKRRQPPQC,1
GRKKRRQRRRC,1
GRKKRRQRARPPQC,1
GRKKRRQARAPPQC,1
TRQARRNRRRRWRERQR,1
RRRR,1
LNSAGYLLGKINLKALAALAKKIL,1
LLGKINLKALAALAKKIL,1
GWTLNSAGYLLGKLKALAALAKKIL,1
GWTLNSKINLKALAALAKKIL,1
LNSAGYLLGKLKALAALAKIL,1
LNSAGYLLGKALAALAKKIL,1
AGYLLGKLKALAALAKKIL,1
LNSAGYLLGKLKALAALAK,1
KLALKLALKAWKAALKLA,1
KLALKAALKAWKAAAKLA,1
KLALKAAAKAWKAAAKAA,1
KITLKLAIKAWKLALKAA,1
KIAAKSIAKIWKSILKIA,1
KALAKALAKLWKALAKAA,1
KLALKLALKWAKLALKAA,1
KLLAKAAKKWLLLALKAA,1
KLLAKAALKWLLKALKAA,1
KALKKLLAKWLAAAKALL,1
KLAAALLKKWKKLAAALL,1
KALAALLKKWAKLLAALK,1
KALAALLKKLAKLLAALK,1
KLALKLALKALKAALK,1
KLALKALKAALKLA,1
KLALKLALKALKAA,1
KLGLKLGLKGLKGGLKLG,1
KLALKLALKALQAALQLA,1
KLALQLALQALQAALQLA,1
QLALQLALQALQAALQLA,1
ELALELALEALEAALELA,1
LKTLATALTKLAKTLTTL,1
LLKTTALLKTTALLKTTA,1
LKTLTETLKELTKTLTEL,1
LLKTTELLKTTELLKTTE,1
RQIKIWFPNRRMKWKK,1
RQPKIWFPNRRKPWKK,1
RQIKIWFQNRRMKWK,1
RQIKIWFQNRRMKW,1
RQIKIWFQNRRMK,1
RQIKIWFQNRRM,1
RQIKIWFQNRR,1
RQIKIWFQNR,1
RQIKIWFQN,1
RQIKIWFQ,1
RQIKIW,1
QIKIWFQNRRMKWKK,1
IKIWFQNRRMKWKK,1
KIWFQNRRMKWKK,1
IWFQNRRMKWKK,1
WFQNRRMKWKK,1
FQNRRMKWKK,1
QNRRMKWKK,1
NRRMKWKK,1
RRMKWKK,1
RMKWKK,1
AQIKIWFQNRRMKWKK,1
RAIKIWFQNRRMKWKK,1
RQAKIWFQNRRMKWKK,1
RQIAIWFQNRRMKWKK,1
RQIKAWFQNRRMKWKK,1
RQIKIAFQNRRMKWKK,1
RQIKIWAQNRRMKWKK,1
RQIKIWFANRRMKWKK,1
RQIKIWFQARRMKWKK,1
RQIKIWFQNARMKWKK,1
RQIKIWFQNRAMKWKK,1
RQIKIWFQNRRAKWKK,1
RQIKIWFQNRRMAWKK,1
RQIKIWFQNRRMKAKK,1
RQIKIWFQNRRMKWAK,1
RQIKIWFQNRRMKWKA,1
CRQIKIWFPNRRMKWKKC,1
RQIKIFFQNRRMKFKK,1
GRKKRRQRRRPWQ,1
RQIKIWFQNMRRKWKK,1
KMDCRWRWKCCKK,1
MDCRWRWKCCKK,1
DCRWRWKCCKK,1
CRWRWKCCKK,1
RWRWKCCKK,1
KMDCRWRWKCKK,1
KMDCRWRWKKK,1
KMDRWRWKKK,1
KDCRWRWKCCKK,1
KCRWRWKCCKK,1
KRWRWKCCKK,1
CRWRWKCSKK,1
SRWRWKCCKK,1
SRWRWKCSKK,1
SRWRWKSCKK,1
CRWRWKSSKK,1
SRWRWKSSKK,1
CRFRWKCCKK,1
CRWRFKCCKK,1
CRFRFKCCKK,1
KCCKWRWRCK,1
CRWRWKCGCKK,1
KCGCRWRWKCGCKK,1
CRWRWKCG,1
KMDCRWRWKCSKK,1
KMDCRWRWKSCKK,1
KMDSRWRWKCCKK,1
KMDCRWRWKSSKK,1
KMDSRWRWKSSKK,1
KMDSRWRWKSCKK,1
KMDSRWRWKCSKK,1
KMDCRWRPKCCKK,1
KMDCRPRPKCCKK,1
RKKRRRESRKKRRRES,1
GRPRESGKKRKRKRLKP,1
GKRKKKGKLGKKRDP,1
GKRKKKGKLGKKRPRSR,1
RKKRRRESRRARRSPRHL,1
SRRARRSPRESGKKRKRKR,1
VKRGLKLRHVRPRVTRMDV,1
SRRARRSPRHLGSG,1
LRRERQSRLRRERQSR,1
GAYDLRRRERQSRLRRRERQSR,1
VPMLK,1
VPTLK,1
VPALR,1
VSALK,1
PMLKE,1
VPALK,1
VSLKK,1
VSGKK,1
IPMIK,1
KLGVM,1
KLPVT,1
VPMIK,1
IPALK,1
IPMLK,1
VPTLQ,1
QLPVM,1
ELPVM,1
VPTLE,1
AYRIKPTFRRLKWKYKGKFW,1
HARIKPTFRRLKWKYKGKFW,1
HYRIKPTARRLKWKYKGKFW,1
HYRIKPTFRRLAWKYKGKFW,1
HYRIKPTFRRLKWKYKGKFA,1
VNADIKATTVFGGKYVSLTTP,1
GKYVSLTTPKNPTKRRITPKDV,1
TKRRITPKDVIDVRSVTTEINT,1
RSVTTEINTLFQTLTSIAEKVDP,1
TKRRITPDDVIDVRSVTTEINT,1
TKRRITPKKVIDVRSVTTEINT,1
TKRRITPKDVIDVRSVTTKINT,1
TKRRITPKDVIDV,1
TKRRITPKDVIDVESVTTEINT,1
TARRITPKDVIDVRSVTTEINT,1
TKAARITPKDVIDVRSVTTEINT,1
KLWMRWYSPTTRRYG,1
RTLVNEYKNTLKFSK,1
IPSRWKDQFWKRWHY,1
GYGNCRHFKQKPRRD,1
KNAWKHSSCHHRHQI,1
RVREWWYTITLKQES,1
QQHLLIAINGYPRYN,1
RLWMRWYSPTTRRYG,1
KLWMRWYSATTRRYG,1
KLWMRWYSPWTRRYG,1
RLWMRWYSPWTRRYG,1
ALWMRWYSPTTRRYG,1
RAWMRWYSPTTRRYG,1
RLAMRWYSPTTRRYG,1
RLWARWYSPTTRRYG,1
RLWMAWYSPTTRRYG,1
RLWMRAYSPTTRRYG,1
RLWMRWASPTTRRYG,1
RLWMRWYAPTTRRYG,1
RLWMRWYSPATRRYG,1
RLWMRWYSPTARRYG,1
RLWMRWYSPTTARYG,1
RLWMRWYSPTTRAYG,1
RLWMRWYSPTTRRAG,1
RLWMRWYSPTTRRYA,1
RLLMRLYSPTTRRYG,1
RLFMRFYSPTTRRYG,1
RLIMRIYSPTTRRYG,1
RLVMRVYSPTTRRYG,1
YGRKKKRRQRRR,1
ALIILRRRIRKQAHAHSK,1
LAIILRRRIRKQAHAHSK,1
LLAILRRRIRKQAHAHSK,1
LLIALRRRIRKQAHAHSK,1
LLIIARRRIRKQAHAHSK,1
LLIILARRIRKQAHAHSK,1
LLIILRARIRKQAHAHSK,1
LLIILRRAIRKQAHAHSK,1
LLIILRRRARKQAHAHSK,1
LLIILRRRIARKQAHAHSK,1
LLIILRRRIRAQAHAHSK,1
LLIILRRRIRKAAHAHSK,1
LLIILRRRIRKQAAAHSK,1
LLIILRRRIRKQAHAASK,1
LLIILRRRIRKQAHAHAK,1
LLIILRRRIRKQAHAHSA,1
KSHAHAQKRIRRRLIILL,1
RRIRPRP,1
RRIRPRPPRLPRPRP,1
RRIRPRPPRLPRPRPRP,1
PRPPRLPRPRPRPLPFPRPG,1
PPRLPRPRPRPLPFPRPG,1
RLPRPRPRPLPFPRPG,1
PRPRPRPLPFPRPG,1
PRPRPLPFPRPG,1
PRPLPFPRPG,1
RVTSWLGRQLRIAGKRLEGRSK,1
GRQLRIAGKRLEGRSK,1
RRVTSWLGRQLRIAGKRLEGRSK,1
RVRSWLGRQLRIAGKRLEGRSK,1
GRQLRIAGKRLRGRSK,1
GRQLRIAGRRLRGRSR,1
GRQLRRAGRRLRGRSR,1
GRQLRIAGRRLRRRSR,1
GRQLRRAGRRLRRRSR,1
RQLRIAGRRLRGRSR,1
KLIKGRTPIKFGKADCDRPPKHSGK,1
KLIKGRTPIKFGKARCRRPPKHSGK,1
KLIKGRTPIKFGK,1
KRIPNKKPGKKTTTKPTKKPTIK,1
KRIPNKKPGKKTTTKPTKK,1
KRIPNKKPGKKT,1
KRIPNKKPGKK,1
KRIPNKKPKK,1
RRIPNRRPRR,1
KKPGKKTTTKPTKKPTIKTTKK,1
KKPGKKTTTKPTKK,1
KKPTIKTTKK,1
KKTTTKPTKK,1
KSICKTIPSNKPKKK,1
KTIPSNKPKKK,1
KPRSKNPPKKPK,1
DRDDRDDRDDRDDRDDR,1
ERERERERERERER,1
WRWRWRWRWRWRWR,1
DRDRDRDRDR,1
DRRRRGSRPSGAERRRR,1
QTRRRERRAEKQAQW,1
RRRERRAEK,1
NRARRNRRRVR,1
RTRRNRRRVR,1
RNRSRHRR,1
KCPSRRPKR,1
KRPAAIKKAGQAKKKK,1
TRRSKRRSHRKF,1
RAGLQFPVGRVHRLLRK,1
MVRRFLVTLRIRRACGPPRVRV,1
FVTRGCPRRLVARLIRVMVPRR,1
VRRFLVTLRIRRA,1
RVRILARFLRTRV,1
RVRVFVVHIPRLT,1
VIRVHFRLPVRTV,1
GTKMIFVGIKKKEERADLIAYLKKA,1
KKKEERADLIAYLKKA,1
KMIFVGIKKKEERA,1
KMIFVGIKKK,1
EKGKKIFIMK,1
RRRRNRTRRNRRRVRGC,1
TRRQRTRRARRNRGC,1
KMTRAQRRAAARRNRWTARGC,1
KLTRAQRRAAARKNKRNTRGC,1
NAKTRRHERRRKLAIERGC,1
MDAQTRRRERRAEKQAQWKAANGC,1
TAKTRYKARRAELIAERRGC,1
KRARNTEAARRSRARKLQRMKQGC,1
KCFQWQRNMRKVRGPPVSC,1
KCFQWQRNMRKVRGPPVSSIKR,1
KCFQWQRNMRKVR,1
FQWQRNMRKVRGPPVS,1
QWQRNMRKVRGPPVSCIKR,1
QWQRNMRKVR,1
KCFMWQEMLNKAGVPKLRCARK,1
KETWFETWFTEWSQPKKKRKV,1
KWFETWFTEWPKKRK,1
GLWWRLWWRLRSWFRLWFRA,1
PLSSIFSRIGDP,1
PSSSSSSRIGDP,1
VELPPPVELPPPVELPPP,1
ALWKTLLKKVLKA,1
ALWKTLLKKVLKAPKKKRKV,1
PKKKRKVALWKTLLKKVLKA,1
VKRKKKPALWKTLLKKVLKA,1
RQARRNRRRALWKTLLKKVLKA,1
RQARRNRRRC,1
EEEAAGRKRKKRT,1
EEE,1
EEEAA,1
EEEAAKKK,1
GRKRKKRT,1
FFFAAGRKRKKRT,1
NNNAAGRKRKKRT,1
YYYAAGRKRKKRT,1
VQRKRQKLMP,1
SKKKKTKV,1
GKKKKRKREKL,1
ERKKRRRE,1
FKKFRKF,1
YTQDFNKFHTFPQTAIGVGAP,1
DFNKFHTFPQTAIGVGAP,1
KFHTFPQTAIGVGAP,1
TFPQTAIGVGAP,1
GYGRKKRRQRRRG,1
FLGKKFKKYFLQLLK,1
FLIFIRVICIVIAKLKANLMCKT,1
KKAAQIRSQVMTHLRVI,1
YIVLRRRRKRVNTKRS,1
RRKLSQQKEKK,1
VQAILRRNWNQYKIQ,1
KTVLLRKLLKLLVRKI,1
LLKKRKVVRLIKFLLK,1
KLPCRSNTFLNIFRRKKPG,1
KKICTRKPRFMSAWAQ,1
RGGRLAYLRRRWAVLGR,1
RVIRVWFQNKRCKDKK,1
GIGKFLHSAKKWGKAFVGQIMNC,1
TRSSRAGLQWPVGRVHRLLRKGGC,1
RHIKIWFQNRRMKWKK,1
MLLLTRRRST,1
CGNKRTRGC,1
TSPLNIHNGQKL,1
CVQWSLLRGYQPC,1
VRLPPP,1
VRLPPPVRLPPP,1
VRLPPPVRLPPPVRLPPP,1
VHLPPP,1
VHLPPPVHLPPP,1
VHLPPPVHLPPPVHLPPP,1
VKLPPP,1
VKLPPPVKLPPP,1
VKLPPPVKLPPPVKLPPP,1
RQIKIFFQNRRMKWKK,1
ASMWERVKSIIKSSLAAASNI,1
CSIPPEVKFNPFVYLI,1
PFVYLI,1
NKPILVFY,1
GSGKKGGKKHCQKY,1
GSGKKGGKKICQKY,1
YTAIAWVKAFIRKLRK,1
IAWVKAFIRKLRKGPLG,1
RLSGMNEVLSFRWL,1
GPFHFYQFLFPPV,1
GSPWGLQHHPPRT,1
AAVALLPAVLLALLAP,1
MGLGLHLLVLAAALQGAKKKRKV,1
GLFEALLELLESLWELLLEA,1
GLFKALLKLLKSLWKLLLKA,1
CGAYDLRRRERQSRLRRRERQSR,1
RKKRRRESRKKRRRESC,1
CVKRGLKLRHVRPRVTRDV,1
YARAAARQARA,1
PPKKSAQCLRYKKPE,1
DPVDTPNPTRRKPGK,1
KRVSRNKSEKKRR,1
GRRHHCRSKAKRSRHH,1
SARHHCRSKAKRSRHH,1
SRAHHCRSKAKRSRHH,1
SRRAHCRSKAKRSRHH,1
SRRHACRSKAKRSRHH,1
SRRHHARSKAKRSRHH,1
SRRHHCRAKAKRSRHH,1
SRRHHCRSAAKRSRHH,1
SRRHHCRSKAARSRHH,1
SRRHHCRSKAKASRHH,1
SRRHHCRSKAKRARHH,1
SRRHHCRSKAKRSAHH,1
RRHHCRSKAKRSR,1
GRKGKHKRKKLP,1
GKKKKKKKKK,1
GKRVAKRKLIEQNRERRR,1
GRKLKKKKNEKEDKRPRT,1
GKKTNLFSALIKKKKTA,1
GRRERNKMAAAKCRNRRR,1
GKRARNTEAARRSRARKL,1
GRRRRATAKYRTAH,1
GKRRRRATAKYRSAH,1
GRRRRKRLSHRT,1
GKHRHERGHHRDRRER,1
GKKKRKLSNRESAKRSR,1
MIIYRDLIS,1
MIIYRDLI,1
IIYRDLISH,1
MIIYRDL,1
MIIYRD,1
IYRDLISH,1
AIIYRDLIS,1
MAIYRDLIS,1
MIAYRDLIS,1
MIIARDLIS,1
MIIYADLIS,1
MIIYRALIS,1
MIIYRDAIS,1
MIIYRDLAS,1
MIIYRDLIA,1
MIIYRDLISKK,1
MIIYRDKKSH,1
MIIFRDLISH,1
MIISRDLISH,1
QIISRDLISH,1
CIISRDLISH,1
MIIYRALISHKK,1
MIIYRIAASHKK,1
MIIRRDLISE,1
MIIYRAEISH,1
MIIYARRAEE,1
MIIFRIAASHKK,1
MIIFRALISHKK,1
MIIFRAAASHKK,1
FIIFRIAASHKK,1
LIIFRIAASHKK,1
WIIFRIAASHKK,1
WIIFRAAASHKK,1
WIIFRALISHKK,1
MIIFRIAAYHKK,1
WIIFRIAAYHKK,1
MIIFRIAATHKK,1
WIIFRIAATHKK,1
MIIFKIAASHKK,1
WIIFKIAASHKK,1
MIIFAIAASHKK,1
LIIFRILISHKK,1
MIIFRILISHKK,1
LIIFRILISHRR,1
LIIFRILISHHH,1
LIIFRILISHK,1
LIIFRILISHR,1
LIIFRILISH,1
LIIFAIAASHKK,1
LIIFAILISHKK,1
RILQQLLFIHFRIGCRHSRI,1
RILQQLLFIHFRIGCRH,1
RILQQLLFIHFRIGC,1
RIFIHFRIGC,1
RIFIRIGC,1
RILQQLLFIHF,1
RIFIGC,1
FIRIGC,1
DTWAGVEAIIRILQQLLFIHFR,1
IGCRH,1
KRIIQRILSRNS,1
KRIHPRLTRSIR,1
PPRLRKRRQLNM,1
PIRRRKKLRRLK,1
RRQRRTSKLMKR,1
MHKRPTTPSRKM,1
RQRSRRRPLNIR,1
RIRMIQNLIKKT,1
SRRKRQRSNMRI,1
QRIRKSKISRTL,1
PSKRLLHNNLRR,1
HRHIRRQSLIML,1
PQNRLQIRRHSK,1
PPHNRIQRRLNM,1
SMLKRNHSTSNR,1
GSRHPSLIIPRQ,1
SPMQKTMNLPPM,1
NKRILIRIMTRP,1
PNTRVRPDVSF,1
LTRNYEAWVPTP,1
SAETVESCLAKSH,1
YSHIATLPFTPT,1
SYIQRTPSTTLP,1
AVPAENALNNPF,1
SFHQFARATLAS,1
QSPTDFTFPNPL,1
HFAAWGGWSLVH,1
HIQLSPFSQSWR,1
LTMPSDLQPVLW,1
FQPYDHPAEVSY,1
FDPFFWKYSPRD,1
FAPWDTASFMLG,1
FTYKNFFWLPEL,1
SATGAPWKMWVR,1
SLGWMLPFSPPF,1
SHAFTWPTYLQL,1
SHNWLPLWPLRP,1
SWLPYPWHVPSS,1
SWWTPWHVHSES,1
SWAQHLSLPPVL,1
SSSIFPPWLSFF,1
LNVPPSWFLSQR,1
LDITPFLSLTLP,1
LPHPVLHMGPLR,1
VSKQPYYMWNGN,1
NYTTYKSHFQDR,1
AIPNNQLGFPFK,1
NIENSTLATPLS,1
YPYDANHTRSPT,1
DPATNPGPHFPR,1
TLPSPLALLTVH,1
HPGSPFPPEHRP,1
TSHTDAPPARSP,1
MTPSSLSTLPWP,1
VLGQSGYLMPMR,1
QPIIITSPYLPS,1
TPKTMTQTYDFS,1
NSGTMQSASRAT,1
QAASRVENYMHR,1
HQHKPPPLTNNW,1
SNPWDSLLSVST,1
KTIEAHPPYYAS,1
EPDNWSLDFPRR,1
GLWRALWRALWRSLWKLKRKV,1
GLWRALWRALRSLWKLKRKV,1
GLWRALWRGLRSLWKLKRKV,1
GLWRALWRGLRSLWKKKRKV,1
GLWRALWRALWRSLWKLKWKV,1
GLWRALWRALWRSLWKSKRKV,1
GLWRALWRALWRSLWKKKRKV,1
YARAARRAARR,1
PARAARRAARR,1
YPRAARRAARR,1
YRRAARRAARA,1
YGRAARRAARR,1
YAREARRAARR,1
YEREARRAARR,1
YKRAARRAARR,1
YARKARRAARR,1
YKRKARRAARR,1
YGRRARRAARR,1
YGRRARRRARR,1
GKINLKALAALAKKIL,1
GEQIAQLIAGYIDIILKKKKSK,1
YGRKKRRQRRRGCYGRKKRRQRRRG,1
RLWRALPRVLRRLLRP,1
KKDGKKRKRSRKESYSVYVYKVLKQ,1
RVIRWFQNKRCKDKK,1
LGLLLRHLRHHSNLLANI,1
KLWSAWPSLWSSLWKP,1
GLGSLLKKAGKKLKQPKSKRKV,1
YRFK,1
YRFKYRFKYRLFK,1
WRFKKSKRKV,1
WRFKAAVALLPAVLLALLAP,1
WRFKWRFK,1
WRFKWRFKWRFK,1
RVIRWFQNKRSKDKK,1
CWKKK,1
AAVALLPAVLLALLAK,1
KLALKLALKALKAALKLAGC,1
TRQARRNRRRRWRERQRGC,1
WLRRIKAWLRRIKALNRQLGVAA,1
GRKKRRQRRRPP,1
MRWQEMGYIFYPRKLR,0
DNWWPKPPHQGPRPPRPRPKP,0
RCKTCSKGRCRPKPNCG,0
WCASGCRKKRHGGCSC,0
GRCCHPACGKNYSC,0
KRNGCCNCSSKWCRDHSRCCGR,0
GCCSHPACNVNNPHICG,0
GGCCSHPACAANNQDYC,0
RHGCCKGPKGCSSRECRPQHCC,0
VVGGAECKIDGHRCLALLY,0
YIELAVVADHGIFTKYNSNLNTIR,0
VVGGDCIPQVPFLAFLYSEYFC,0
VIGGVECDINEHRFL,0
DVVSPPVCGN,0
VATSEPNRYFNPYSYVELIITVDHS,0
TLTSFGEWR,0
SCCARNPACRHNHPCV,0
SGCCSNPACRVNNPNIC,0
GLLPKVKLVPEQISFILSTRENR,0
FNPCPYSDDTVKMIILTRENKKHDF,0
GFRSPCPPFC,0
QFSDCSKDEYQRYLT,0
SLGGKPDLRPCHPPCHYIPRPKPR,0
IVRRGCCSDPRCAWRCG,0
GCCSLPPCAANNPDYC,0
APKNIVLFGATGMTGQVTLGQALE,0
ALCNCNRIIIPHMCWKKCGKK,0
MRAKWRKKRMRRLKRKRRKMRQRSK,0
DTLKSEKNADFKDLY,0
MKTKAAVLFETHKPFEIVELEL,0
LSAMLEDTENWLYEELSLTQDPVV,0
GFGCYRSCWKAGHDEETCKKECS,0
AYDPDPYKRYSAEHTFFLL,0
MAPRGFSCLLLLTSEIDLPVKRRA,0
RGCCNGRGGCSSRWCRDHARCC,0
MSHDLDPTGTY,0
AVGDDTPQLY,0
ALVLIAFAQVLQQCP,0
VTIGKEGTLT,0
AIGPVDEV,0
MAAYLDPTGQY,0
HQKYNPFRFVELVLVVDKAM,0
SGCCKHPACGKNRC,0
MEMALMVAQTRKGKSVV,0
QGCCNGPKGCSSKWCRDHARCC,0
MKAIMLVNFCDERGSGR,0
QNWPRPQIPP,0
MNILHICVTSKWFNIDNKIVDHRP,0
CCGVPNAACPPCVCNKTCG,0
GCVLYPWC,0
DCCGVKLEMCHPCLCDNSCKNYGK,0
VVGGDECNINEHRFLVALYY,0
GEDEYAEGIREYQLIHGKI,0
DEPEYAEAIREYQLKYGKI,0
GEPEVAKWAEGLREKAASN,0
LVSVSPAFNGNYFVE,0
DLWSWGQMIQETGLLPSYTTY,0
SLVQFEKMIKEVAGKNGVPWY,0
QNCCNGGCSSKWCKGHARCC,0
LPPCCTPPKKHCPAPACKYKPCCKS,0
MRAKWRKKRTRRLKRKRRKVRARSK,0
SNSLFEEVRPIVNGMDCKLG,0
DCQPCGHNVCC,0
VVGADNCNFN,0
VIGGDECDINEHPFL,0
VVGGDECNINE,0
VVGGDECNINDHRSLVRIF,0
VIGGDECNINEHRFL,0
TNTPEDDRYLQDYVYI,0
TNTPEQQCYLQAKCYIEFYVVV,0
NFSCPPDWYAYD,0
HLLQFNKMIKFETRKNAIPFYAF,0
SLLQFNKMIKFETRKNAIPFYAF,0
NLLQFNKMIKIMTKKNAFPFYTS,0
NLFQFARMINGKLGAFSV,0
NLLQFGYMIRCANGRSRPVW,0
VIGGDECNIN,0
VIGGDICNINEHNFLVALYE,0
AIVGRPRF,0
CYIQNCLRV,0
VIGGDECNINEHRFLVALYDF,0
CKCPSCNFNDVTENCKCCIFRQP,0
IIGGDECNINEHPFLVALYDA,0
VIGGDECNINEHPFLVLVYY,0
MKLLCWEKSIHGS,0
CCSQDCRVCIPCCPY,0
RIKKPIFAFPRF,0
RIRKPIFAFPRF,0
DMCCHPACMNHFNC,0
YCCHPACGPNFSC,0
CFISDCAPG,0
EGCCSNPPCRHNHPEVC,0
EDVDHVFLRF,0
SAEVAGAVIEGAKLTFNVLQ,0
SVAVAGAVIKGAALTFNILQ,0
MFYLSDLLLHVIGFG,0
MGGKWSKRSVVGWPAVR,0
MGGKWSKSS,0
PTSQPRGDPTGPKE,0
PSSQPRGDPTGPKE,0
QELASFHSVSKGFMGECGFR,0
EEEDKKEDVGTVVGI,0
GEEEYQKMLENLREAEVKKNA,0
VIGGDECNINEHRFLAALYD,0
MKRIGVLTSGGDSPGMNAAIRAVVR,0
IISPPVCGNELLEEGEECDCGTPEN,0
MTYQTAIDAVRELKA,0
VVGGDECNINEHRSLALMYA,0
MDSVSVNQIL,0
VSDSQNSQDGLDPE,0
SVTADNASETKVREIGQEKSS,0
LTNKTARFLVNGTSIPEVDFDVGE,0
GCCSYPPCFATNSGYC,0
VGVCCGYKLCHPC,0
GPPCCLYGSCRPFPGCYNALCCRK,0
QLTFTPNWGT,0
MSGRGKGGKGLGKGGAKRHRKVLRD,0
QPPGGSKVILF,0
CCGVPNAACHPCVCKNTC,0
QHWSLCHAPG,0
VIGGDECNINEHRSLALVY,0
VVGGDECNINEHRSLVAIF,0
MNEQSMKPYVIGLDLGGTNSVFGIV,0
APFSLATA,0
GDCPWKPWC,0
ACGSCRKKCKGSGKCINGRCKCY,0
PSYKLHYFDLRAAGE,0
AAAELSLVQLESLREVCEQ,0
DTRPPGFTPFR,0
REVCELNPDCDELADHIGFQEAYR,0
SADIVKKLWDNPAL,0
SVDMVMKGIKLWPL,0
APANSVWS,0
SPANSVWS,0
FHGGSWYRFPWGY,0
LPASVDWRKEGAVLPIRHQGQCG,0
YLKGCWTKSYPPKPCFSR,0
DASNAQKQHDVNFLL,0
GNYYGYCRVHLNTAY,0
LSTDIVAPPV,0
CLIQDCPEG,0
QWAQWPRPQIPP,0
QWAQWPRPTPQIPP,0
IWGIGCNPCVGDEVAALLTRGEA,0
GPMEDPLEIIRI,0
VIYIFAR,0
ANIVFDVESATTGTYSTFLTSF,0
GVLFASGQNLARTLIEFLLR,0
KPCCSIHDNSCCGI,0
GCCSRPPCIANNPDIC,0
GPSTDLVIGNKGFDGGIDSAILR,0
SVSNIPESIGF,0
SIPLPSLNFEQFGNMIQCTI,0
SCSCKRNFLCC,0
AYTGQTGAPWGLA,0
VIGGDECNINEHRSL,0
VPGGDECNINEHRSL,0
VIGGDECNINEHRSLVAIFDS,0
TPDHQRYVELFIVVDHGMYTKYNGD,0
MINGWTGNILRINLTTGAIS,0
EGCCSNPACRTNHPEVCD,0
SITKIKAREIL,0
NAPWAQIDEV,0
ATFDIQNNC,0
AYRKPPFNGSIF,0
ARPYSFGL,0
VERYAFGL,0
QVRYRQCYFNPISCF,0
GQDFMRF,0
PDNFMRF,0
GGNDFMRF,0
PGQDFMRF,0
APGQDFMRF,0
TPGQDFMRF,0
SAPGQDFMRF,0
LPEQDFMRF,0
SAQGQDFMRF,0
NSVVLGKKQRFHSWG,0
AGPSATTGVWFGPRL,0
GGGGTSGLFAFPRV,0
AGLFAQPRL,0
SVQFKPRL,0
AQRSPSLRLRF,0
LPVYNFGL,0
TDVDHVFLRF,0
TPTAFYGVR,0
QLTFSPDW,0
SCLEYGHSCWGAH,0
NLYQFKNMIEEAATGT,0
LKCNKLVPLF,0
FLGKKVLKAVGKQAAKKQME,0
FLAKKVAKKLVSHVAQKQLE,0
FLAKKVAKKLVSHVAQKQME,0
FLAKNVAKKLVSHVAKKQLE,0
DLLTTIKRVKESMKRRT,0
FVNTIRLLINKAREWNNKQSS,0
FANTIRLLINKVREWKNKQSS,0
FINTIRLLINKYREWKNKKDS,0
FINTIKLLIEKYREWKNKQSS,0
FLNPFRWVINKYREWKNKKDS,0
LNPFRWVINKYREWKNKKDS,0
TWEECCKNPGCRNNHVDRCRGQV,0
VPSSFRTTITDAQLRG,0
RICLNQQSSEPQTTEICPDGEDTCY,0
GTQTNAPWGLARLIS,0
VQPPHSHGDNFYIWT,0
EQGGSQAGGSL,0
RYCPSGCRKKPYGGGCSC,0
RSLCSNGCRPKPFGGCSC,0
GVGCSSGCHKVGGQCRCG,0
SFYACTNGCWVKPGGGCQC,0
GTGCSSGCHRVGQQCRCG,0
RPPGFTPFR,0
GDDVLSACCD,0
ASCTERKHDCTKDRHSCCRG,0
DCCPCPAGAVRCRFACC,0
QQDYTGWMDF,0
SIKDKICKIIQAQCGKKLPFT,0
CCDWDWCDHICTCCGG,0
ECCTHAHCSQGCRPCC,0
ECCRYVDCRRGCTPCC,0
FLSGLVGALAKMF,0
RICTPIPFPMCY,0
RTCIPIPLVMC,0
RICTAIPLPMCL,0
DYCCRRPTCIPIC,0
MMKHVIILVILLVISFQAY,0
MMRLVIILIVLLLISFSAY,0
MMKLVIILIVLLLVSFAAY,0
MMKLVIILVVLLLLSFPTY,0
DRVYIHPFHLLVYS,0
AGTADCFWKYCV,0
NSGMINSILGIPRVMTEA,0
LNLKALLAVAKKIL,0
VDWKKIGQHILSVL,0
ECCHPACGKHFSC,0
RDCCTPPRKCKDRRCKPMKCCA,0
QHYSLEWKPG,0
EQFEDYGHMRF,0
GSGADCFWKYCV,0
GSNTECFWKYCV,0
CIIRNCPRG,0
IKIMDILAKLGKVLAHV,0
INIKDILAKLVKVLGHV,0
INVLGILGLLGKALSHL,0
SPSNSKCPDGPDCFVGLM,0
QPDPNAFYGLM,0
DEPKPDQFVGLM,0
QADPKTFYGLM,0
NSELINSILGLPKVMNDA,0
SEAENDLMNKLFTAYNPKVRPAEK,0
NEESDLIADKFTNYNKLIRPAKH,0
VHWSAEEKQL,0
SVAVAGAVIEGASLTFNVLQ,0
SVAVAGAVIEGATLTFNVLQ,0
SVAVAGAIIKGAALTFNVLQ,0
GCCGSFACRFGCVPCCV,0
SKQCCHLAACRFGCTPCCW,0
QGCCGEPNLCFTRWCRNNARCCRQQ,0
GGCCSHPACFASNPDYC,0
DGRCCHPACAKHFNC,0
NGRCCHPACARKYNC,0
CCGVPNAACHPCVCTGKC,0
CCGIPNAACHPCVCTGKC,0
NDPCEEVCLQHTGNVKACEEACQ,0
AFVKGSAQRVAHGY,0
DCCGVKLEMCHPCLCDNSCKKSGK,0
GNWCCSARVCC,0
ADSRKPI,0
GDTRRQIL,0
DDKRRQI,0
CCAPSACRLGCRPCCR,0
DCCHNTQLPFIYKTCPEGCNL,0
KDGYPVDNANCKYE,0
QCCPTMPECCRI,0
QWPDPSSDIPP,0
QGGAGWPPIPP,0
QQWPPGHHIPP,0
QGGWPRNPIPP,0
QSAPGNEAIPP,0
QLWPRPHIPP,0
QGGWPRPGPEIPP,0
EEGGSPPPVVI,0
QWPRPQIPP,0
QWPRPTPQIPP,0
QLWPRPQIPP,0
QGRPLGPPIPP,0
QAPWPDTISPP,0
DCPSDWSNHEGHCYRVFNEWMNWAD,0
DFKCPSEWYAYDQHCYRIIN,0
GLCCPMRWSSSEG,0
AFCCPSGWSAYDQNCY,0
GCRQCGGGCNKHGKCINGKCKCY,0
RCCTGKKGSCSGRACKNLKCCA,0
GGCCSYPPCAVSNPQHC,0
GRDAYIADSENCTYT,0
CCNWPCSFGCIPCCY,0
ERVCCGYPMSCKSRACKPSYCC,0
EVRPFPEVYERIA,0
MATPGFSCLLLSTSEIDLPMKRRV,0
MRDKWRKKRVRRLKRKRRKMRARSK,0
FFVPPAFFPP,0
AKKRAGNGCFGLKLDRIGSMSGLGC,0
KDFCHLPPKPGPCRAAI,0
QNWPHPPMPP,0
QNWPSPKVPP,0
QNAHPSPKVPP,0
QGRHPPIPPAP,0
QRWPSPKVPP,0
ECCHRQLLCCLRFV,0
NLVQFELLIMKVAKRSGLLSYSA,0
NLLQFNKMIKIMTKKNAIPFYSS,0
HLLQFNKMIKFETGKNAIPFYAF,0
NLLQFENMIRNVAGRSGIWWYSD,0
NLMQFETLIMKVAGRSGVWYYGS,0
SLIQFETLIMKVAGQSGMFSYSA,0
NLMQFELLIMKVAGRSGIVWYSD,0
NLVQLGKMIFQETGKNPATSYGL,0
SVIELGKMILQETGKNPVTHYGA,0
SLVQFEMMIMEVAKRSGLLWYSA,0
SLLQFEMMIMEVAKRSGIFWYSA,0
DCCYGRVNGCNPKMADKNYE,0
NLVQFGKMIE,0
NLFQFAEMIVKMTGKEAVH,0
QNWPHPPMPPAP,0
QNAHPSPK,0
QARPRPGPKIPP,0
QARPRHPKIPP,0
QGRPPHPPIPPAP,0
QNGPRPIGIPP,0
QNRHPPIPPAP,0
QGRAPHPPIPPAP,0
KDGYLVGSDGCKYSCLTRPG,0
SIVLRGKAPFR,0
GCCHLLACRFGCSPCCW,0
TVTPEQDRYLQVKKY,0
QLGPPPRPQIPP,0
DKNKKPIRVGGRRPPGFTPFR,0
DKNKKPIWMAGFPGFTPIR,0
GPNPGFSPFR,0
EAPPGFSPFR,0
PSPPGFSPFR,0
KLSGCFGFKLDRIGTMSGLGC,0
IIGGDECNINEHRFL,0
FKCMSEWYW,0
ELCCPMERSS,0
LECNKLVDIAYITCPAGKNL,0
MNLCWQKSIYD,0
CDAPTHYCTNYWECCSGYCEHSHCW,0
CCQWPCSHGCIPCCY,0
SCGYPCSHCGIPGCYPG,0
CCSTNCAVCIPCCP,0
GCPWDPWC,0
GCPWEPWC,0
VVGCPWQPWC,0
CCAFPQWCGAGCIVPCC,0
CCMALCSRYHCLPCC,0
CCAIRLCNVYLCGSCCP,0
QNECPWKPWC,0
ESECPWHPWC,0
GCPWDSWC,0
CKGKGASCRRTSYDCCTGSCRLGRC,0
GVVDILKGAAKDLAGHLATKVMDKL,0
CFLGNCPDS,0
QKCCSGGSCPLYFRDRLICPCC,0
RDCGKMCEEETWKG,0
ASGADTCCSNPACQVQHSDLC,0
ACPGPNPGRP,0
IDCSKVNLTAECSS,0
ICCNPACGPKYSC,0
LFHYCQCQCPPGFKGKFCQFKLRPP,0
CHFWVCP,0
LSFQQVKEKVCKVEAKIGKKLPFC,0
NPEHQRYVELFI,0
GLVNGLLSSVLGGGQGGGGLLGGIL,0
SPCPFPC,0
CWFPWC,0
GCEWVSWC,0
GCEWDSWC,0
CYRPPVC,0
IECEVCMKPGDRCNGSMMT,0
RCPWDPWCN,0
GCCSHPPCNVNNPHICG,0
CCEWPCHHGCIPCCY,0
CCQLFVWCC,0
SQCCYQICSPC,0
DYVTVKGFSPLRKA,0
GSTCLEPKVVGPCKA,0
GICSEPIVVGPCKAG,0
FWGAAAKMLGKALPGLISMFQKN,0
WPPPKVSP,0
KDGYLVGNDGCKYSCNTYPK,0
INWLKLGKKILGAI,0
LNFKALAALAKKIL,0
ILSALLGLLKSL,0
INWKKLGKALNALL,0
MREAICIHIGQAGYQIGNACSQLFC,0
IKITTMLAKLGKVLAHV,0
QTFQYSRGWTN,0
RPPGFTPFRKA,0
AQAATPAADGKKKISIDTR,0
CTCKDMTDKECLYFCHQDIIW,0
GVTFHDDDLIPF,0
QPSYDYDEEEDDRAKLRLDAR,0
EFPTDYDEGEDDRPKVGLGAR,0
QFPTDYDEGQDDRPKLGLGAR,0
QHLADYDEVDDDRAKLHLDAR,0
ATDYEDEEFPGAVPPSVGAR,0
LSDYDEEEDERAKATLDAR,0
QLTFTPGW,0
DNPNHSR,0
FLPILGKILGGLL,0
FLPMIAKLLGGLL,0
FLPIIAKLVSGLL,0
IVPFLGPLLGLLT,0
QVNFTPNWGT,0
DEPPQTPWDRVKDLVTVYVE,0
SPVAASYRATAGLAGKALDF,0
GRTFFVGGNW,0
RHAGSAHTF,0
RLKVIPEKLKDVKLVCTDVFGDN,0
RPRPQQFFGLM,0
DLAGEIHGLSNVK,0
SDNSVVLRYGDGEYSYPVVD,0
GLSRSCFGVKLDRIGSMSGLGC,0
ENFSGGCVAGYMRTPDGRCKPTFYQ,0
AADIFAKFKTSMEVK,0
AYERQFYPGATSVAENNIGH,0
MSSSHIFIGETIGT,0
PQTETKASVGFKAGVK,0
QHWSHGWLPG,0
MQWTKPAFTDLRIGFEVTMYFEAR,0
YDPSPLQDFCIAD,0
YCCHPACGKNFDC,0
PAKQVAFAEHAREKMLRGVNVLA,0
NPIPILTPC,0
MTKKAVVVLWGISQVEGVVNLLQE,0
MSPLKAVAVLTGADVKGVVQFT,0
QGGPPRPQIPP,0
QWGQHPNIPP,0
KPSGCGEQNMINFYPNVL,0
NAAVAGAVIEGATLTFEVLQ,0
QHWSHDWKPG,0
QGWPGPKVPP,0
QLHVNKARRVYIL,0
MKLAILGAGCYRTDAASGI,0
QLYENKSRRPYIL,0
MTPPENKNLVQENKELIQEVLKA,0
FRLDEEFQGPIASQVRRQFLFRPRN,0
YKVDEDLQGAGGIQSRGYFFFRPRN,0
FKVDEEFQGPIVSQNRRYFLFRPRN,0
NNFSDCFWKYCV,0
KHTLPDLPYDFGALQPHISAEIM,0
EQFDDYGHMRF,0
QHWSYGLQPG,0
KQFTKCELSQVLKDMDGYGGIALP,0
DPLNEERRANRYGFGL,0
GPPYDFGM,0
INWKKMAATALKMI,0
QPHPDEFVGLM,0
QPNPDEFVGLM,0
QPHPNEFVGLM,0
QPNPDEFFGLM,0
QPNPNEFFGLM,0
CYISNCPIG,0
CYISNCPQG,0
CYIQSCPIG,0
CYINNCPVG,0
CYFNNCPVG,0
CFVRNCPTG,0
EDGYLLNRDTGCKVSCGTCRYCND,0
ATGWSAFFIDGKWTEAKK,0
MKVFVLNGPNLGRLGKREPA,0
AIEVQTVTLIPGD,0
GLLDVVGNLLGGLGL,0
GLFDAIGNLLGGLGL,0
VLPIIGNLLNSLL,0
TATTRRRGRPPGFSPFR,0
AKTGILDSDGPTVAGNSLSGT,0
CCKQSCTTCMPCCW,0
CCELPCHGCVPCCWP,0
GFGD,0
GSWD,0
ALAGTIIAGASLTFKILDEV,0
SAALAGTIIDGASLGFDILNKV,0
FLPKSLFTLVTDKSL,0
GCVLLPWC,0
VCCGYKLCHPC,0
CCSQDCLVCIPCCPN,0
NCPYCVVYCCPPAYCEASGCRPP,0
FCCPFIRYCCW,0
CKGKGASCRKTMYDCCRGSCRSGRC,0
CCKYGWTCLLGCSPCGC,0
SLGGKPDLRPCYPPCHYIPRPKPR,0
NLIQFANMIGCANHGSR,0
LTCYKGYHDTVVCKP,0
VELQNRLSDESQ,0
AECMVDETVCYIHNHNNC,0
MRAKWKKKRMRRLKRKRRKMRQRSK,0
QQDYTGWFDF,0
GLLDGLLGTLGL,0
GLLDGLLGGLGL,0
QHP,0
QVNFSTGW,0
QLTFTSSWG,0
QLNFSPNW,0
QSDDYGHMRF,0
RPKPQQFFGLM,0
QHWSHGWYPG,0
GYLDYDEVDDNRAKLPLDAR,0
QHSTDYDEEEEDRAKLHLDAR,0
LDYDHEEEDGRTKVTFDAR,0
ATDYDEEEDDRVKVRLDAR,0
TNSKEGEFIAEGGGVR,0
LWTRDYAGVYEAIRGFDWSQDAK,0
INWLKLGKKVSAIL,0
INWKAIIEAAKQAL,0
INWLKLGKAVIDAL,0
CYIQNCPLG,0
QHWSYGWLPG,0
CYIQNCPRG,0
FMRF,0
RIKIGLFDQLSRL,0
KASSSAPKGWTHHGSRFTFHRGSM,0
CYFRNCPIG,0
MLASGLLLVALLACLTVMVL,0
MDLIPDLAVETWLLLAVTLV,0
SPLEQFSILMLIPM,0
AVPDKIDRRESGYV,0
TRRFDDVLDEVKGFFEVH,0
RPEEIGAGDQGHMFG,0
AEKLEPVLPLIV,0
QHWSDYFKPG,0
QVIAITGSASGIGAA,0
ATYTLPEPPYDYAAL,0
ASGENQAELKLATHNVYML,0
LKCEWDGLVGTRGEIAKETIER,0
VGGLIAYDNIEISQIPVGDGVTLC,0
HAGDLGNIVAGSDGV,0
GIEKIISRSMFDQMLKHRNNPASFG,0
GSSSGLISMPRV,0
IVGGMEATPHSWPHQVA,0
QVTFSRDWSP,0
ESIASFQGVLDGKYD,0
GMYTHEGSDP,0
APEESPKRAPSGFLGVR,0
APAMGFQGVR,0
APAAGFFGMR,0
VPASGFFGMR,0
GPSMGFHGMR,0
APSMGFQGMR,0
QHWSHGLSPG,0
TDMLAVSVSSTDAIGHKYGT,0
VSTAPYGAWQSPID,0
VIGGTNASPGEIPWQLSQQRQSGSW,0
GFFFP,0
SAKDVKFGDSARSMMIAGVNVIAD,0
QADPNAFYGLM,0
GLLDMVTGLLGNL,0
QIPWFHR,0
IEFFT,0
AGLLDILGL,0
GLLDVVGNVLHSLGL,0
GLLGMVGSLLGGLGL,0
GLLGFVGSLLGGLGI,0
QQDYTGAHMDF,0
QQDYTGAHFDF,0
QQDYGTGWMDF,0
QQDYGTGWFDF,0
QQDYTGSHMDF,0
QQDYTGSHFDF,0
FDAFTTGF,0
GNTKKAVPGFYGTR,0
GGGGSGETSGMWFGPRL,0
LVPFRPRL,0
DHLPHDVYSPRL,0
DEGGTQYTPRL,0
RPSFNSWG,0
DASFSSWG,0
DPSFNSWG,0
GAQFSSWG,0
SPAFNSWG,0
DHLSHDVYSPRL,0
HTAGFIPRL,0
SPPFAPRL,0
NLMQFELLIMKVAGRSGIVWYSDY,0
MDYLITFYHSPQTNS,0
MLLVIGSKNLSSTNM,0
SEDCTPWTATPITVLAGCRDYVGEQ,0
MADEALQHTFFA,0
LENGLLRKPPMG,0
DKNAYGIDLIL,0
NYIYSGHNYHQ,0
NPVDDHHDDHHDAPIVEHHD,0
MSHTVKIYD,0
LQVDYLVLEVA,0
RRRRRRRRHRRRRGRRGRRSRGRR,0
GTLIGQDYK,0
DVTFSMLGANGATYYQFF,0
APPQPSDNFIRF,0
QPSQDFMRF,0
SGLLINQPKYSWLKELGL,0
EITKFPKDQQNLIGQG,0
PIDPGV,0
GW,0
ANFPTVSLNTVGITRQIPQDFMNAV,0
NSELINAILGSPTLFGEV,0
NSELINAILGSPTLMGEV,0
DLVFYCPKCTAERQTACPKL,0
KEICFPRLGCFSDDAPWAGIAQRPL,0
SETGNTVTVKGFSPLR,0
GSSGLIPFGRT,0
GSSGLISMPRV,0
GSSGMIPFPRV,0
RARPRF,0
YSQVSRPRF,0
YAIAGRPRF,0
PFCNAFTGC,0
QSFGNQWARGHFM,0
GKPFYPPPIYPEDM,0
QVNFSPGWGT,0
QLTFTPNW,0
QVNFSPNW,0
PDVDHVFLRF,0
VIGGSDTTIGQYPHQLSLR,0
NGGTSGLFAFPRV,0
AGLLVYPRL,0
AGGTSGLYAFPRV,0
ASLFNAPRV,0
SDPEVPGMWFGPRL,0
NDPEVPGMWFGPRL,0
DHMSHDVYSPRL,0
GDSEVPGMWFGPRL,0
SDPEAPGIWFGPRL,0
GSASGLISMPRV,0
GGSSGLISVPRV,0
GGSSGLISMPRV,0
AAGLFQFPRV,0
SALAINQPNYSVLKELGLNED,0
SRLPPATRDKLADEITFFPA,0
RQRHRDCDKPPDKTN,0
RKRHPDCDKAADTRI,0
RQRHPDCDKPPDTGN,0
NLINFMEMIRYTIP,0
IVGGAECVPY,0
IIGGYECKPHSQPWQAFLVDNK,0
IVGGYECEAYSKPYQVSINLGY,0
TPLWSLMQDLMM,0
AGESSNEAKGMWFGPRL,0
EGANSNEAKGMWFGPRL,0
LMRKDVDTLTD,0
ACGSCRKKCKGPGKCINGRCKCY,0
FGETSGETKGMWFGPRL,0
SGDTSSQAKGMWFGPRL,0
GGETSGEGKGMWFGPRL,0
GGETGGEGKGMWFGPRL,0
GGETSGETKGMWFGPRL,0
TGDMSGEGKGMWFGPRL,0
DGDMSGEGKGMWFGPRL,0
RPPGFSPFRIY,0
HEDNAGIAVYWGQDAREGDLVTACN,0
ITACLDPDGWKEPGPLPGISTK,0
PPPPPGPPPNP,0
PKVSPRWPPIPP,0
DADIAVWAPPVNAQN,0
DSSNLPPNQKQIVD,0
EPRTPWDWV,0
APVPGLSPFRVV,0
RPPGFSPFR,0
GPIPWQR,0
APVPGLSPFR,0
DPWDWV,0
GPIPWQRRI,0
DILRG,0
SPCTCSTCNCAGACNSCSCTSCSH,0
AQENETNESGSID,0
VPPGFTPF,0
VPPGFTPFRQ,0
VPPGFTPFRVD,0
RPPGFTPFRIY,0
AVITGACERDVQCGGGTCCAVSLI,0
VPPGFTPFRQS,0
FPPWL,0
KPPWRL,0
FPPWM,0
QDKPFWPPPIYIM,0
QDKPFWPPPIYPM,0
KPWERE,0
LRPAVIRPKGK,0
LRPAFIRPKGK,0
PGMGIYLPM,0
GCCSDPRCKHQC,0
GCCSDPRCKHEC,0
GCCSDPRCRYRC,0
EPNSMWS,0
EPNSIWS,0
TPPAGPDVGPR,0
EQGVGGDDGL,0
HDRPKFCYLPADPGECLAHMRSF,0
YNPASNQCQGF,0
PALIPFPRV,0
QAARPRF,0
AIGPVADLHI,0
AYVSQSGAPWGLGRISHK,0
HGGYKPTDK,0
QDGPIPP,0
QGRPPGPPIPP,0
QFRPSYQIPP,0
QGGLPRPGPEIPP,0
MDFIIDIIKKIVGLFTGK,0
ACVPVYEECGTPKKRCCEERPCK,0
KAKCAEIDQDCKTSCDCCKGACTCY,0
AIGPVADLH,0
IVGGVSVAIE,0
FAQLLNDLK,0
AWLVTCP,0
APQANSFYVGAKAGD,0
LKCNKLVPLFYKTCP,0
APSLRLRF,0
APASGFFGMR,0
QFNEYGHMRF,0
NSDEQFDDYGYMRF,0
QDLDHVFMRF,0
TYKKPPFNGSIF,0
QVSLKYPEGKMYSFGL,0
DGAETPGAAASLWFGPRV,0
GLLAFPRV,0
DGGEPAAPLWFGPRV,0
KRRPPGFTPFR,0
YAFGYPS,0
MGSLESERFVVDVAASNLDK,0
ASLVTSFEEA,0
DINGGGATLPQKLYQTSGVLT,0
NLGKQWAVGHFM,0
GFADLFGKAVDFIKSRV,0
RLCIPYIIPC,0
RLCIPVIFPC,0
FLPPCAYKGTC,0
GFADLFGKAVDFIKS,0
GIAEFLNYIKSKA,0
FVGAALKVLANVLPPVISWIKQ,0
LDFAKHVIGIASKL,0
LDLAKHVIGIASKL,0
ETDLLLDDSLVSLFGNRR,0
FNAGGHINHSLFWQNLAPASSNEAK,0
CFIRNCPP,0
DPCCGYRMCVPC,0
QTCCGYRMCVPC,0
KPCCSIHDSSCCGI,0
GCCGAFACRFGCTPCC,0
SCCNAGFCRFGCTPCCY,0
NIQIICCKHTPACCT,0
ESIVRPPPVEAKVEETPE,0
QKKDKKDRFPNGLV,0
QKKDKKD,0
QKKDKKDK,0
QKKDKKDR,0
QKKDKKDKF,0
QKKDRFLGLM,0
QKKDRFLGLF,0
QKKDKKDRFY,0
QKKDKDRFYGLM,0
QKNDKKDRFYGLM,0
QKKDKKDKFYGLF,0
QKKDKKDRFYGLF,0
DGCPPHPVPGMHPCMCTNTC,0
RPLSWLPK,0
VPPKGVSM,0
YSQVARPRF,0
SNRSPSLRLRF,0
SWANLNTFGR,0
CPPLC,0
QPWLPFR,0
QPWLPFG,0
DAQEKRQPWLPFG,0
DAQEKRQPWIPFV,0
QTWLPFV,0
SEEEKRQPWLPFG,0
GLVSSIGRALGGLLADVVKSKQPA,0
VATSEQFNKTFIELVIVVD,0
DYPKLTFTTS,0
YMFHLMD,0
GASGLISFPRV,0
GASGLIPFPRL,0
GGSSGLIAFPRL,0
GRSLVFPEETANSFVELFPAKELSL,0
QQWPRDPAPIPP,0
PPGFTPFRIY,0
GLPGYFGVN,0
MVKQIEFKYAFQEALNSAGDK,0
MRDKWRKKRVRRLKRKRRKVRARSK,0
MADAAVHGHGDHHDTRGFFTRWFMS,0
YDGTNCKPGVCWEPKPGY,0
HVGGDECNINEHRSLVAIFVFTEFF,0
FAKRYVELVIVA,0
GFIGWGNNIFGHYSGDF,0
LGALGCVFPELLSGNGVKFGYA,0
GRPPGFSPFRID,0
MSGRGKGGKGLGKGGAKR,0
MVTMVKKWLLLMTFMAGCRGMIY,0
IVRRACCSDRRCRWRCG,0
MRAKWRKKRMRGLKRKRRKMRQRSK,0
MKRGYEVVRDPHLNK,0
SENTGAIGKVFPRGNHWAVGHLM,0
RRTVKSAPQ,0
RKTAGKPKN,0
RKSAGKPKN,0
VARSLLIFEVQQPFLFLL,0
LRDYANRVINGGPVEAAGPPA,0
ARGPQLRLRF,0
VEVATVKNCGKKLLATPR,0
